-- phpMyAdmin SQL Dump
-- version 4.6.4
-- https://www.phpmyadmin.net/
--
-- Host: 127.0.0.1
-- Czas generowania: 21 Kwi 2017, 10:28
-- Wersja serwera: 5.7.14
-- Wersja PHP: 7.0.10

SET SQL_MODE = "NO_AUTO_VALUE_ON_ZERO";
SET time_zone = "+00:00";


/*!40101 SET @OLD_CHARACTER_SET_CLIENT=@@CHARACTER_SET_CLIENT */;
/*!40101 SET @OLD_CHARACTER_SET_RESULTS=@@CHARACTER_SET_RESULTS */;
/*!40101 SET @OLD_COLLATION_CONNECTION=@@COLLATION_CONNECTION */;
/*!40101 SET NAMES utf8mb4 */;

--
-- Baza danych: `notice2`
--

-- --------------------------------------------------------
--
-- Zrzut danych tabeli `article`
--

INSERT INTO `article` (`id`, `name`, `slug`, `thumb`, `content`, `content_short`, `keywords`, `description`, `date`) VALUES
(1, 'Pierwszy przykładowy artykuł', 'pierwszy-przykladowy-artykul', '/upload/images/slider1.jpg', '<p>Lorem ipsum dolor sit amet enim. Etiam ullamcorper. Suspendisse a pellentesque dui, non felis. Maecenas malesuada elit lectus felis, malesuada ultricies. Curabitur et ligula. Ut molestie a, ultricies porta urna. Vestibulum commodo volutpat a, convallis ac, laoreet enim. Phasellus fermentum in, dolor. Pellentesque facilisis. Nulla imperdiet sit amet magna. Vestibulum dapibus, mauris nec malesuada fames ac turpis velit, rhoncus eu, luctus et interdum adipiscing wisi. Aliquam erat ac ipsum. Integer aliquam purus. Quisque lorem tortor fringilla sed, vestibulum id, eleifend justo vel bibendum sapien massa ac turpis faucibus orci luctus non, consectetuer lobortis quis, varius in, purus. Integer ultrices posuere cubilia Curae, Nulla ipsum dolor lacus, suscipit adipiscing. Cum sociis natoque penatibus et ultrices volutpat. Nullam wisi ultricies a, gravida vitae, dapibus risus ante sodales lectus blandit eu, tempor diam pede cursus vitae, ultricies eu, faucibus quis, porttitor eros cursus lectus, pellentesque eget, bibendum a, gravida ullamcorper quam. Nullam viverra consectetuer. Quisque cursus et, porttitor risus. Aliquam sem. In hendrerit nulla quam nunc, accumsan congue. Lorem ipsum primis in nibh vel risus. Sed vel lectus. Ut sagittis, ipsum dolor quam.</p>\r\n', 'Quisque cursus et, porttitor risus. Aliquam sem. In hendrerit nulla quam nunc, accumsan congue. Lorem ipsum primis in nibh vel risus. Sed vel lectus. Ut sagittis, ipsum dolor quam.', 'pierwsze, drugie, trzecie', 'To jest description SEO. Quisque cursus et, porttitor risus. Aliquam sem. In hendrerit nulla quam nunc, accumsan congue. Lorem ipsum primis in nibh vel risus. Sed vel lectus. Ut sagittis, ipsum dolor quam.', '2018-01-01 12:42:59'),
(2, 'Drugi przykładowy artykuł', 'drugi-przykladowy-artykul', '/upload/images/slider2.jpg', '<p>Lorem ipsum dolor sit amet enim. Etiam ullamcorper. Suspendisse a pellentesque dui, non felis. Maecenas malesuada elit lectus felis, malesuada ultricies. Curabitur et ligula. Ut molestie a, ultricies porta urna. Vestibulum commodo volutpat a, convallis ac, laoreet enim. Phasellus fermentum in, dolor. Pellentesque facilisis. Nulla imperdiet sit amet magna. Vestibulum dapibus, mauris nec malesuada fames ac turpis velit, rhoncus eu, luctus et interdum adipiscing wisi. Aliquam erat ac ipsum. Integer aliquam purus. Quisque lorem tortor fringilla sed, vestibulum id, eleifend justo vel bibendum sapien massa ac turpis faucibus orci luctus non, consectetuer lobortis quis, varius in, purus. Integer ultrices posuere cubilia Curae, Nulla ipsum dolor lacus, suscipit adipiscing. Cum sociis natoque penatibus et ultrices volutpat. Nullam wisi ultricies a, gravida vitae, dapibus risus ante sodales lectus blandit eu, tempor diam pede cursus vitae, ultricies eu, faucibus quis, porttitor eros cursus lectus, pellentesque eget, bibendum a, gravida ullamcorper quam. Nullam viverra consectetuer. Quisque cursus et, porttitor risus. Aliquam sem. In hendrerit nulla quam nunc, accumsan congue. Lorem ipsum primis in nibh vel risus. Sed vel lectus. Ut sagittis, ipsum dolor quam.</p>\r\n', 'Lorem ipsum dolor sit amet enim. Etiam ullamcorper. Suspendisse a pellentesque dui, non felis. Maecenas malesuada elit lectus felis, malesuada ultricies. Curabitur et ligula. Ut molestie a, ultricies porta urna. ', '', '', '2018-01-02 12:43:31'),
(3, 'Trzeci przykładowy artykuł', 'trzeci-przykladowy-artykul', '/upload/images/slider3.jpg', '<p>Lorem ipsum dolor sit amet enim. Etiam ullamcorper. Suspendisse a pellentesque dui, non felis. Maecenas malesuada elit lectus felis, malesuada ultricies. Curabitur et ligula. Ut molestie a, ultricies porta urna. Vestibulum commodo volutpat a, convallis ac, laoreet enim. Phasellus fermentum in, dolor. Pellentesque facilisis. Nulla imperdiet sit amet magna. Vestibulum dapibus, mauris nec malesuada fames ac turpis velit, rhoncus eu, luctus et interdum adipiscing wisi. Aliquam erat ac ipsum. Integer aliquam purus. Quisque lorem tortor fringilla sed, vestibulum id, eleifend justo vel bibendum sapien massa ac turpis faucibus orci luctus non, consectetuer lobortis quis, varius in, purus. Integer ultrices posuere cubilia Curae, Nulla ipsum dolor lacus, suscipit adipiscing. Cum sociis natoque penatibus et ultrices volutpat. Nullam wisi ultricies a, gravida vitae, dapibus risus ante sodales lectus blandit eu, tempor diam pede cursus vitae, ultricies eu, faucibus quis, porttitor eros cursus lectus, pellentesque eget, bibendum a, gravida ullamcorper quam. Nullam viverra consectetuer. Quisque cursus et, porttitor risus. Aliquam sem. In hendrerit nulla quam nunc, accumsan congue. Lorem ipsum primis in nibh vel risus. Sed vel lectus. Ut sagittis, ipsum dolor quam.</p>\r\n\r\n<p>Lorem ipsum dolor sit amet enim. Etiam ullamcorper. Suspendisse a pellentesque dui, non felis. Maecenas malesuada elit lectus felis, malesuada ultricies. Curabitur et ligula. Ut molestie a, ultricies porta urna. Vestibulum commodo volutpat a, convallis ac, laoreet enim. Phasellus fermentum in, dolor. Pellentesque facilisis. Nulla imperdiet sit amet magna. Vestibulum dapibus, mauris nec malesuada fames ac turpis velit, rhoncus eu, luctus et interdum adipiscing wisi. Aliquam erat ac ipsum. Integer aliquam purus. Quisque lorem tortor fringilla sed, vestibulum id, eleifend justo vel bibendum sapien massa ac turpis faucibus orci luctus non, consectetuer lobortis quis, varius in, purus. Integer ultrices posuere cubilia Curae, Nulla ipsum dolor lacus, suscipit adipiscing. Cum sociis natoque penatibus et ultrices volutpat. Nullam wisi ultricies a, gravida vitae, dapibus risus ante sodales lectus blandit eu, tempor diam pede cursus vitae, ultricies eu, faucibus quis, porttitor eros cursus lectus, pellentesque eget, bibendum a, gravida ullamcorper quam. Nullam viverra consectetuer. Quisque cursus et, porttitor risus. Aliquam sem. In hendrerit nulla quam nunc, accumsan congue. Lorem ipsum primis in nibh vel risus. Sed vel lectus. Ut sagittis, ipsum dolor quam.</p>\r\n\r\n<p>Lorem ipsum dolor sit amet enim. Etiam ullamcorper. Suspendisse a pellentesque dui, non felis. Maecenas malesuada elit lectus felis, malesuada ultricies. Curabitur et ligula. Ut molestie a, ultricies porta urna. Vestibulum commodo volutpat a, convallis ac, laoreet enim. Phasellus fermentum in, dolor. Pellentesque facilisis. Nulla imperdiet sit amet magna. Vestibulum dapibus, mauris nec malesuada fames ac turpis velit, rhoncus eu, luctus et interdum adipiscing wisi. Aliquam erat ac ipsum. Integer aliquam purus. Quisque lorem tortor fringilla sed, vestibulum id, eleifend justo vel bibendum sapien massa ac turpis faucibus orci luctus non, consectetuer lobortis quis, varius in, purus. Integer ultrices posuere cubilia Curae, Nulla ipsum dolor lacus, suscipit adipiscing. Cum sociis natoque penatibus et ultrices volutpat. Nullam wisi ultricies a, gravida vitae, dapibus risus ante sodales lectus blandit eu, tempor diam pede cursus vitae, ultricies eu, faucibus quis, porttitor eros cursus lectus, pellentesque eget, bibendum a, gravida ullamcorper quam. Nullam viverra consectetuer. Quisque cursus et, porttitor risus. Aliquam sem. In hendrerit nulla quam nunc, accumsan congue. Lorem ipsum primis in nibh vel risus. Sed vel lectus. Ut sagittis, ipsum dolor quam.</p>\r\n', '', '', '', '2018-01-03 12:44:13');


--
-- Zrzut danych tabeli `category`
--

INSERT INTO `category` (`id`, `category_id`, `position`, `slug`, `name`, `thumb`, `path`, `content`, `h1`, `title`, `keywords`, `description`) VALUES
(1, 0, 1, 'motoryzacja', 'Motoryzacja', '/upload/images//categories/car.png', 'motoryzacja', '<p>Motoryzacja &ndash; całokształt spraw związanych z zastosowaniem pojazd&oacute;w drogowych lub szynowych napędzanych silnikami spalinowymi (a także w ostatnich latach pojazd&oacute;w napędzanych silnikami elektrycznymi i hybrydowymi).&nbsp;</p>\r\n', 'Ogłoszenia motoryzacyjne', 'Motoryzacja', 'samochody, auta, pojazdy', 'Ogłoszenia motoryzacyjne w skrypcie ogłoszeniowym NOTICE2'),
(2, 1, 1, 'czesci-motocyklowe', 'Części motocyklowe', '', 'motoryzacja/czesci-motocyklowe', '', '', '', '', ''),
(3, 1, 2, 'czesci-samochodowe', 'Części samochodowe', '', 'motoryzacja/czesci-samochodowe', '', '', '', '', ''),
(4, 1, 3, 'dostawcze-i-ciezarowe', 'Dostawcze i ciężarowe', '', 'motoryzacja/dostawcze-i-ciezarowe', '', '', '', '', ''),
(5, 1, 4, 'motocykle', 'Motocykle', '', 'motoryzacja/motocykle', '', '', '', '', ''),
(6, 1, 5, 'samochody-osobowe', 'Samochody osobowe', '', 'motoryzacja/samochody-osobowe', '', '', '', '', ''),
(7, 4, 1, 'chlodnie', 'Chłodnie', '', 'motoryzacja/dostawcze-i-ciezarowe/chlodnie', '', '', '', '', ''),
(8, 4, 2, 'cysterny', 'Cysterny', '', 'motoryzacja/dostawcze-i-ciezarowe/cysterny', '', '', '', '', ''),
(9, 4, 3, 'dzwigi-samochodowe', 'Dźwigi samochodowe', '', 'motoryzacja/dostawcze-i-ciezarowe/dzwigi-samochodowe', '', '', '', '', ''),
(10, 4, 4, 'izotermy', 'Izotermy', '', 'motoryzacja/dostawcze-i-ciezarowe/izotermy', '', '', '', '', ''),
(11, 4, 5, 'skrzynie', 'Skrzynie', '', 'motoryzacja/dostawcze-i-ciezarowe/skrzynie', '', '', '', '', ''),
(12, 4, 6, 'wywrotki', 'Wywrotki', '', 'motoryzacja/dostawcze-i-ciezarowe/wywrotki', '', '', '', '', ''),
(13, 5, 1, 'motorowery', 'Motorowery', '', 'motoryzacja/motocykle/motorowery', '', '', '', '', ''),
(14, 5, 2, 'skutery', 'Skutery', '', 'motoryzacja/motocykle/skutery', '', '', '', '', ''),
(15, 5, 3, 'sportowe', 'Sportowe', '', 'motoryzacja/motocykle/sportowe', '', '', '', '', ''),
(16, 5, 4, 'quady', 'Quady', '', 'motoryzacja/motocykle/quady', '', '', '', '', ''),
(17, 6, 1, 'alfa-romeo', 'Alfa Romeo', '', 'motoryzacja/samochody-osobowe/alfa-romeo', '', '', '', '', ''),
(18, 6, 2, 'audi', 'Audi', '', 'motoryzacja/samochody-osobowe/audi', '', '', '', '', ''),
(19, 6, 4, 'bmw', 'BMW', '', 'motoryzacja/samochody-osobowe/bmw', '', '', '', '', ''),
(20, 6, 5, 'cadillac', 'Cadillac', '', 'motoryzacja/samochody-osobowe/cadillac', '', '', '', '', ''),
(21, 6, 6, 'chevrolet', 'Chevrolet', '', 'motoryzacja/samochody-osobowe/chevrolet', '', '', '', '', ''),
(22, 6, 7, 'chrysler', 'Chrysler', '', 'motoryzacja/samochody-osobowe/chrysler', '', '', '', '', ''),
(23, 6, 8, 'citroen', 'Citroen', '', 'motoryzacja/samochody-osobowe/citroen', '', '', '', '', ''),
(24, 6, 9, 'dacia', 'Dacia', '', 'motoryzacja/samochody-osobowe/dacia', '', '', '', '', ''),
(25, 6, 10, 'daewoo', 'Daewoo', '', 'motoryzacja/samochody-osobowe/daewoo', '', '', '', '', ''),
(26, 6, 11, 'daihatsu', 'Daihatsu', '', 'motoryzacja/samochody-osobowe/daihatsu', '', '', '', '', ''),
(27, 6, 12, 'dodge', 'Dodge', '', 'motoryzacja/samochody-osobowe/dodge', '', '', '', '', ''),
(28, 6, 13, 'fiat', 'Fiat', '', 'motoryzacja/samochody-osobowe/fiat', '', '', '', '', ''),
(29, 6, 14, 'ford', 'Ford', '', 'motoryzacja/samochody-osobowe/ford', '', '', '', '', ''),
(30, 6, 15, 'honda', 'Honda', '', 'motoryzacja/samochody-osobowe/honda', '', '', '', '', ''),
(31, 6, 16, 'hyundai', 'Hyundai', '', 'motoryzacja/samochody-osobowe/hyundai', '', '', '', '', ''),
(32, 6, 17, 'jaguar', 'Jaguar', '', 'motoryzacja/samochody-osobowe/jaguar', '', '', '', '', ''),
(33, 6, 18, 'jeep', 'Jeep', '', 'motoryzacja/samochody-osobowe/jeep', '', '', '', '', ''),
(34, 6, 19, 'kia', 'Kia', '', 'motoryzacja/samochody-osobowe/kia', '', '', '', '', ''),
(35, 6, 20, 'lancia', 'Lancia', '', 'motoryzacja/samochody-osobowe/lancia', '', '', '', '', ''),
(36, 6, 21, 'land-rover', 'Land Rover', '', 'motoryzacja/samochody-osobowe/land-rover', '', '', '', '', ''),
(37, 6, 22, 'lexus', 'Lexus', '', 'motoryzacja/samochody-osobowe/lexus', '', '', '', '', ''),
(38, 6, 23, 'mazda', 'Mazda', '', 'motoryzacja/samochody-osobowe/mazda', '', '', '', '', ''),
(39, 6, 24, 'mercedes-benz', 'Mercedes-Benz', '', 'motoryzacja/samochody-osobowe/mercedes-benz', '', '', '', '', ''),
(40, 6, 25, 'mini', 'Mini', '', 'motoryzacja/samochody-osobowe/mini', '', '', '', '', ''),
(41, 6, 26, 'mitsubishi', 'Mitsubishi', '', 'motoryzacja/samochody-osobowe/mitsubishi', '', '', '', '', ''),
(42, 6, 27, 'nissan', 'Nissan', '', 'motoryzacja/samochody-osobowe/nissan', '', '', '', '', ''),
(43, 6, 28, 'opel', 'Opel', '', 'motoryzacja/samochody-osobowe/opel', '', '', '', '', ''),
(44, 6, 29, 'peugeot', 'Peugeot', '', 'motoryzacja/samochody-osobowe/peugeot', '', '', '', '', ''),
(45, 6, 30, 'polonez', 'Polonez', '', 'motoryzacja/samochody-osobowe/polonez', '', '', '', '', ''),
(46, 6, 31, 'porsche', 'Porsche', '', 'motoryzacja/samochody-osobowe/porsche', '', '', '', '', ''),
(47, 6, 32, 'renault', 'Renault', '', 'motoryzacja/samochody-osobowe/renault', '', '', '', '', ''),
(48, 6, 33, 'rover', 'Rover', '', 'motoryzacja/samochody-osobowe/rover', '', '', '', '', ''),
(49, 6, 34, 'saab', 'Saab', '', 'motoryzacja/samochody-osobowe/saab', '', '', '', '', ''),
(50, 6, 35, 'seat', 'Seat', '', 'motoryzacja/samochody-osobowe/seat', '', '', '', '', ''),
(51, 6, 36, 'skoda', 'Skoda', '', 'motoryzacja/samochody-osobowe/skoda', '', '', '', '', ''),
(52, 6, 37, 'smart', 'Smart', '', 'motoryzacja/samochody-osobowe/smart', '', '', '', '', ''),
(53, 6, 38, 'subaru', 'Subaru', '', 'motoryzacja/samochody-osobowe/subaru', '', '', '', '', ''),
(54, 6, 39, 'suzuki', 'Suzuki', '', 'motoryzacja/samochody-osobowe/suzuki', '', '', '', '', ''),
(55, 6, 40, 'toyota', 'Toyota', '', 'motoryzacja/samochody-osobowe/toyota', '', '', '', '', ''),
(56, 6, 41, 'volkswagen', 'Volkswagen', '', 'motoryzacja/samochody-osobowe/volkswagen', '', '', '', '', ''),
(57, 6, 42, 'volvo', 'Volvo', '', 'motoryzacja/samochody-osobowe/volvo', '', '', '', '', ''),
(58, 0, 2, 'biuro-i-reklama', 'Biuro i reklama', '/upload/images/categories/ads.png', 'biuro-i-reklama', '', '', '', '', ''),
(59, 0, 3, 'antyki-i-kolekcje', 'Antyki i kolekcje', '/upload/images/categories/antic.png', 'antyki-i-kolekcje', '', '', '', '', ''),
(60, 59, 1, 'ksiazki-i-poligrafia', 'Książki i poligrafia', '', 'antyki-i-kolekcje/ksiazki-i-poligrafia', '', '', '', '', ''),
(61, 59, 2, 'karty-kolekcjonerskie', 'Karty kolekcjonerskie', '', 'antyki-i-kolekcje/karty-kolekcjonerskie', '', '', '', '', ''),
(62, 59, 3, 'lampy-swieczniki-i-lustra', 'Lampy, świeczniki i lustra', '', 'antyki-i-kolekcje/lampy-swieczniki-i-lustra', '', '', '', '', ''),
(63, 59, 4, 'meble-zabytkowe', 'Meble zabytkowe', '', 'antyki-i-kolekcje/meble-zabytkowe', '', '', '', '', ''),
(64, 59, 5, 'medale-i-odznaczenia', 'Medale i odznaczenia', '', 'antyki-i-kolekcje/medale-i-odznaczenia', '', '', '', '', ''),
(65, 59, 6, 'monety-i-banknoty', 'Monety i banknoty', '', 'antyki-i-kolekcje/monety-i-banknoty', '', '', '', '', ''),
(66, 59, 7, 'obrazy-i-rzezby', 'Obrazy i rzeźby', '', 'antyki-i-kolekcje/obrazy-i-rzezby', '', '', '', '', ''),
(67, 59, 8, 'rekodzielo', 'Rękodzieło', '', 'antyki-i-kolekcje/rekodzielo', '', '', '', '', ''),
(68, 59, 9, 'zabytkowe-tekstylia', 'Zabytkowe tekstylia', '', 'antyki-i-kolekcje/zabytkowe-tekstylia', '', '', '', '', ''),
(69, 59, 10, 'zastawy-kuchenne', 'Zastawy kuchenne', '', 'antyki-i-kolekcje/zastawy-kuchenne', '', '', '', '', ''),
(70, 59, 11, 'zegary', 'Zegary', '', 'antyki-i-kolekcje/zegary', '', '', '', '', ''),
(71, 59, 12, 'znaczki-pocztowe', 'Znaczki pocztowe', '', 'antyki-i-kolekcje/znaczki-pocztowe', '', '', '', '', ''),
(72, 59, 13, 'inne-antyki-i-kolekcje', 'Inne antyki i kolekcje', '', 'antyki-i-kolekcje/inne-antyki-i-kolekcje', '', '', '', '', ''),
(73, 0, 4, 'dla-dzieci', 'Dla dzieci', '/upload/images/categories/kids.png', 'dla-dzieci', '', '', '', '', ''),
(74, 73, 1, 'artykuly-szkolne', 'Artykuły szkolne', '', 'dla-dzieci/artykuly-szkolne', '', '', '', '', ''),
(75, 73, 2, 'buciki', 'Buciki', '', 'dla-dzieci/buciki', '', '', '', '', ''),
(76, 73, 3, 'foteliki---nosidelka', 'Foteliki - Nosidełka', '', 'dla-dzieci/foteliki---nosidelka', '', '', '', '', ''),
(77, 73, 4, 'kapiel-i-zdrowie', 'Kąpiel i zdrowie', '', 'dla-dzieci/kapiel-i-zdrowie', '', '', '', '', ''),
(78, 73, 5, 'meble-dla-dzieci', 'Meble dla dzieci', '', 'dla-dzieci/meble-dla-dzieci', '', '', '', '', ''),
(79, 73, 6, 'pozostale', 'Pozostałe', '', 'dla-dzieci/pozostale', '', '', '', '', ''),
(80, 0, 5, 'dom-i-ogrod', 'Dom i ogród', '/upload/images/categories/home.png', 'dom-i-ogrod', '', '', '', '', ''),
(81, 80, 1, 'meble', 'Meble', '', 'dom-i-ogrod/meble', '', '', '', '', ''),
(82, 80, 2, 'narzedzia-i-mat-budowlane', 'Narzędzia i mat. budowlane', '', 'dom-i-ogrod/narzedzia-i-mat-budowlane', '', '', '', '', ''),
(83, 80, 3, 'ogrod', 'Ogród', '', 'dom-i-ogrod/ogrod', '', '', '', '', ''),
(84, 80, 4, 'produkty-zywnosciowe', 'Produkty żywnościowe', '', 'dom-i-ogrod/produkty-zywnosciowe', '', '', '', '', ''),
(85, 80, 5, 'sprzet-agd', 'Sprzęt AGD', '', 'dom-i-ogrod/sprzet-agd', '', '', '', '', ''),
(86, 80, 6, 'wyposazenie-wnetrz', 'Wyposażenie wnętrz', '', 'dom-i-ogrod/wyposazenie-wnetrz', '', '', '', '', ''),
(87, 80, 7, 'pozostale', 'Pozostałe', '', 'dom-i-ogrod/pozostale', '', '', '', '', ''),
(88, 0, 6, 'elektronika', 'Elektronika', '/upload/images/categories/mobile.png', 'elektronika', '', '', '', '', ''),
(89, 88, 1, 'elektronika', 'Elektronika', '', 'elektronika/elektronika', '', '', '', '', ''),
(90, 88, 4, 'komputery', 'Komputery', '', 'elektronika/komputery', '', '', '', '', ''),
(91, 90, 8, 'konsole-i-automaty', 'Konsole i automaty', '', 'elektronika/komputery/konsole-i-automaty', '', '', '', '', ''),
(92, 90, 1, 'akcesoria', 'Akcesoria', '', 'elektronika/komputery/akcesoria', '', '', '', '', ''),
(93, 90, 2, 'czesci-do-laptopow', 'Części do laptopów', '', 'elektronika/komputery/czesci-do-laptopow', '', '', '', '', ''),
(94, 90, 3, 'drukarki-i-skanery', 'Drukarki i skanery', '', 'elektronika/komputery/drukarki-i-skanery', '', '', '', '', ''),
(95, 90, 4, 'dyski-i-napedy', 'Dyski i napędy', '', 'elektronika/komputery/dyski-i-napedy', '', '', '', '', ''),
(96, 90, 5, 'dzwiek', 'Dźwięk', '', 'elektronika/komputery/dzwiek', '', '', '', '', ''),
(98, 90, 7, 'komputery-stacjonarne', 'Komputery stacjonarne', '', 'elektronika/komputery/komputery-stacjonarne', '', '', '', '', ''),
(99, 90, 9, 'laptopy', 'Laptopy', '', 'elektronika/komputery/laptopy', '', '', '', '', ''),
(100, 88, 7, 'telefony-komorkowe', 'Telefony komórkowe', '', 'elektronika/telefony-komorkowe', '', '', '', '', ''),
(101, 88, 8, 'telewizory', 'Telewizory', '', 'elektronika/telewizory', '', '', '', '', ''),
(102, 88, 5, 'sprzet-dvdblu-ray', 'Sprzęt DVD/Blu-ray', '', 'elektronika/sprzet-dvdblu-ray', '', '', '', '', ''),
(103, 88, 6, 'tablety', 'Tablety', '', 'elektronika/tablety', '', '', '', '', ''),
(104, 88, 2, 'gry-i-konsole', 'Gry i konsole', '', 'elektronika/gry-i-konsole', '', '', '', '', ''),
(105, 88, 9, 'pozostale', 'Pozostałe', '', 'elektronika/pozostale', '', '', '', '', ''),
(106, 0, 7, 'fotografia', 'Fotografia', '/upload/images/categories/camera.png', 'fotografia', '', '', '', '', ''),
(108, 106, 1, 'akcesoria-fotograficzne', 'Akcesoria fotograficzne', '', 'fotografia/akcesoria-fotograficzne', '', '', '', '', ''),
(109, 106, 2, 'aparaty-analogowe', 'Aparaty analogowe', '', 'fotografia/aparaty-analogowe', '', '', '', '', ''),
(110, 106, 3, 'aparaty-cyfrowe', 'Aparaty cyfrowe', '', 'fotografia/aparaty-cyfrowe', '', '', '', '', ''),
(111, 106, 4, 'karty-pamieci', 'Karty pamięci', '', 'fotografia/karty-pamieci', '', '', '', '', ''),
(112, 106, 5, 'lampy-blyskowe', 'Lampy błyskowe', '', 'fotografia/lampy-blyskowe', '', '', '', '', ''),
(113, 106, 6, 'obiektywy', 'Obiektywy', '', 'fotografia/obiektywy', '', '', '', '', ''),
(114, 0, 8, 'gry', 'Gry', '/upload/images/categories/games.png', 'gry', '', '', '', '', ''),
(115, 114, 1, 'gadzety', 'Gadżety', '', 'gry/gadzety', '', '', '', '', ''),
(116, 114, 2, 'gry-na-konsole', 'Gry na konsole', '', 'gry/gry-na-konsole', '', '', '', '', ''),
(117, 114, 3, 'gry-online', 'Gry online', '', 'gry/gry-online', '', '', '', '', ''),
(118, 114, 4, 'gry-komputerowe', 'Gry komputerowe', '', 'gry/gry-komputerowe', '', '', '', '', ''),
(119, 0, 9, 'instrumenty', 'Instrumenty', '/upload/images/categories/music.png', 'instrumenty', '', '', '', '', ''),
(120, 119, 1, 'gitary-i-akcesoria', 'Gitary i akcesoria', '', 'instrumenty/gitary-i-akcesoria', '', '', '', '', ''),
(121, 119, 2, 'instrumenty-dete', 'Instrumenty dęte', '', 'instrumenty/instrumenty-dete', '', '', '', '', ''),
(122, 119, 3, 'instrumenty-klawiszowe-i-midi', 'Instrumenty klawiszowe i MIDI', '', 'instrumenty/instrumenty-klawiszowe-i-midi', '', '', '', '', ''),
(123, 119, 4, 'instrumenty-perkusyjne', 'Instrumenty perkusyjne', '', 'instrumenty/instrumenty-perkusyjne', '', '', '', '', ''),
(124, 119, 5, 'instrumenty-smyczkowe', 'Instrumenty smyczkowe', '', 'instrumenty/instrumenty-smyczkowe', '', '', '', '', ''),
(125, 0, 10, 'ksiazki-i-komiksy', 'Książki i komiksy', '/upload/images/categories/book.png', 'ksiazki-i-komiksy', '', '', '', '', ''),
(126, 125, 3, 'ebooki', 'Ebooki', '', 'ksiazki-i-komiksy/ebooki', '', '', '', '', ''),
(127, 125, 1, 'audiobooki', 'Audiobooki', '', 'ksiazki-i-komiksy/audiobooki', '', '', '', '', ''),
(128, 125, 8, 'literatura-piekna', 'Literatura piękna', '', 'ksiazki-i-komiksy/literatura-piekna', '', '', '', '', ''),
(129, 125, 6, 'ksiazki-naukowe', 'Książki naukowe', '', 'ksiazki-i-komiksy/ksiazki-naukowe', '', '', '', '', ''),
(130, 125, 5, 'ksiazki-dla-dzieci', 'Książki dla dzieci', '', 'ksiazki-i-komiksy/ksiazki-dla-dzieci', '', '', '', '', ''),
(131, 125, 7, 'ksiazki-obcojezyczne', 'Książki obcojęzyczne', '', 'ksiazki-i-komiksy/ksiazki-obcojezyczne', '', '', '', '', ''),
(132, 125, 9, 'mapy-i-przewodniki', 'Mapy i przewodniki', '', 'ksiazki-i-komiksy/mapy-i-przewodniki', '', '', '', '', ''),
(133, 125, 10, 'poradniki-i-albumy', 'Poradniki i albumy', '', 'ksiazki-i-komiksy/poradniki-i-albumy', '', '', '', '', ''),
(134, 125, 2, 'czasopisma', 'Czasopisma', '', 'ksiazki-i-komiksy/czasopisma', '', '', '', '', ''),
(135, 125, 4, 'komiksy', 'Komiksy', '', 'ksiazki-i-komiksy/komiksy', '', '', '', '', ''),
(136, 88, 3, 'internet', 'Internet', '', 'elektronika/internet', '<p>Internet (skr&oacute;towiec od ang. inter-network, dosłownie &bdquo;między-sieć&rdquo;) &ndash; og&oacute;lnoświatowy system połączeń między komputerami, określany r&oacute;wnież jako sieć sieci. W znaczeniu informatycznym Internet to przestrzeń adres&oacute;w IP przydzielonych hostom i serwerom połączonym za pomocą urządzeń sieciowych, takich jak karty sieciowe, modemy i koncentratory, komunikujących się za pomocą protokołu internetowego z wykorzystaniem infrastruktury telekomunikacyjnej.</p>\r\n', 'Ogłoszenia w kategorii: Internet', 'Internet', 'internet, sieć www, www, ogłoszenia internetowe, online', 'Internet - tutaj znajdziesz ogłoszenia w kategorii Internet.'),
(137, 136, 1, 'skrypty-i-strony-www', 'Skrypty i strony www', '', 'elektronika/internet/skrypty-i-strony-www', '', '', '', '', ''),
(138, 136, 2, 'grafika-komputerowa', 'Grafika komputerowa', '', 'elektronika/internet/grafika-komputerowa', '', '', '', '', ''),
(139, 0, 11, 'moda', 'Moda', '/upload/images/categories/mode.png', 'moda', '', '', '', '', ''),
(140, 139, 1, 'bielizna', 'Bielizna', '', 'moda/bielizna', '', '', '', '', ''),
(141, 139, 2, 'bizuteria', 'Biżuteria', '', 'moda/bizuteria', '', '', '', '', ''),
(142, 139, 3, 'buty', 'Buty', '', 'moda/buty', '', '', '', '', ''),
(143, 139, 4, 'dodatki', 'Dodatki', '', 'moda/dodatki', '', '', '', '', ''),
(144, 139, 5, 'kosmetyki-i-perfumy', 'Kosmetyki i perfumy', '', 'moda/kosmetyki-i-perfumy', '', '', '', '', ''),
(145, 139, 6, 'odziez-ciazowa', 'Odzież ciążowa', '', 'moda/odziez-ciazowa', '', '', '', '', ''),
(146, 139, 7, 'suknie-slubne', 'Suknie ślubne', '', 'moda/suknie-slubne', '', '', '', '', ''),
(147, 139, 8, 'ubrania', 'Ubrania', '', 'moda/ubrania', '', '', '', '', ''),
(148, 139, 9, 'zegarki', 'Zegarki', '', 'moda/zegarki', '', '', '', '', ''),
(149, 0, 12, 'nieruchomosci', 'Nieruchomości', '/upload/images/categories/real-estate.png', 'nieruchomosci', '', '', '', '', ''),
(150, 149, 5, 'mieszkania', 'Mieszkania', '', 'nieruchomosci/mieszkania', '', '', '', '', ''),
(151, 149, 2, 'domy', 'Domy', '', 'nieruchomosci/domy', '', '', '', '', ''),
(152, 149, 3, 'dzialki', 'Działki', '', 'nieruchomosci/dzialki', '', '', '', '', ''),
(153, 149, 1, 'biura-i-lokale', 'Biura i lokale', '', 'nieruchomosci/biura-i-lokale', '', '', '', '', ''),
(154, 149, 4, 'garaze-i-parkingi', 'Garaże i parkingi', '', 'nieruchomosci/garaze-i-parkingi', '', '', '', '', ''),
(155, 149, 6, 'noclegi', 'Noclegi', '', 'nieruchomosci/noclegi', '', '', '', '', ''),
(156, 0, 13, 'praca', 'Praca', '/upload/images/categories/work.png', 'praca', '', '', '', '', ''),
(157, 156, 1, 'administracja-biurowa', 'Administracja biurowa', '', 'praca/administracja-biurowa', '', '', '', '', ''),
(158, 156, 2, 'budowy-remonty', 'Budowy, remonty', '', 'praca/budowy-remonty', '', '', '', '', ''),
(159, 156, 3, 'edukacja', 'Edukacja', '', 'praca/edukacja', '', '', '', '', ''),
(160, 156, 4, 'finanse-ksiegowosc', 'Finanse, księgowość', '', 'praca/finanse-ksiegowosc', '', '', '', '', ''),
(161, 156, 5, 'gastronomia', 'Gastronomia', '', 'praca/gastronomia', '', '', '', '', ''),
(162, 156, 6, 'hotelarstwo', 'Hotelarstwo', '', 'praca/hotelarstwo', '', '', '', '', ''),
(163, 156, 7, 'it-telekomunikacja', 'IT, telekomunikacja', '', 'praca/it-telekomunikacja', '', '', '', '', ''),
(164, 156, 8, 'kierowca-kurier', 'Kierowca, kurier', '', 'praca/kierowca-kurier', '', '', '', '', ''),
(165, 156, 9, 'magazynier', 'Magazynier', '', 'praca/magazynier', '', '', '', '', ''),
(166, 156, 10, 'obsluga-klienta', 'Obsługa klienta', '', 'praca/obsluga-klienta', '', '', '', '', ''),
(167, 156, 11, 'ochrona', 'Ochrona', '', 'praca/ochrona', '', '', '', '', ''),
(168, 156, 12, 'produkcja', 'Produkcja', '', 'praca/produkcja', '', '', '', '', ''),
(169, 156, 13, 'pozostale', 'Pozostałe', '', 'praca/pozostale', '', '', '', '', ''),
(178, 0, 15, 'sport-i-hobby', 'Sport i hobby', '/upload/images/categories/sport.png', 'sport-i-hobby', '', '', '', '', ''),
(179, 178, 5, 'rowery', 'Rowery', '', 'sport-i-hobby/rowery', '', '', '', '', ''),
(180, 178, 1, 'bieganie', 'Bieganie', '', 'sport-i-hobby/bieganie', '', '', '', '', ''),
(181, 178, 2, 'fitness', 'Fitness', '', 'sport-i-hobby/fitness', '', '', '', '', ''),
(182, 178, 7, 'sporty-zimowe', 'Sporty zimowe', '', 'sport-i-hobby/sporty-zimowe', '', '', '', '', ''),
(183, 178, 9, 'wedkarstwo', 'Wędkarstwo', '', 'sport-i-hobby/wedkarstwo', '', '', '', '', ''),
(184, 178, 8, 'turystyka', 'Turystyka', '', 'sport-i-hobby/turystyka', '', '', '', '', ''),
(185, 178, 6, 'sporty-wodne', 'Sporty wodne', '', 'sport-i-hobby/sporty-wodne', '', '', '', '', ''),
(186, 178, 4, 'odziez-sportowa', 'Odzież sportowa', '', 'sport-i-hobby/odziez-sportowa', '', '', '', '', ''),
(187, 178, 3, 'obuwie-sportowe', 'Obuwie sportowe', '', 'sport-i-hobby/obuwie-sportowe', '', '', '', '', ''),
(188, 0, 16, 'zdrowie-i-uroda', 'Zdrowie i uroda', '/upload/images/categories/doctor.png', 'zdrowie-i-uroda', '', '', '', '', ''),
(189, 188, 1, 'uroda', 'Uroda', '', 'zdrowie-i-uroda/uroda', '', '', '', '', ''),
(190, 188, 2, 'zdrowie', 'Zdrowie', '', 'zdrowie-i-uroda/zdrowie', '', '', '', '', ''),
(191, 190, 1, 'korekcja-wzroku', 'Korekcja wzroku', '', 'zdrowie-i-uroda/zdrowie/korekcja-wzroku', '', '', '', '', ''),
(192, 190, 2, 'leki-bez-recepty', 'Leki bez recepty', '', 'zdrowie-i-uroda/zdrowie/leki-bez-recepty', '', '', '', '', ''),
(193, 190, 3, 'dermokosmetyki', 'Dermokosmetyki', '', 'zdrowie-i-uroda/zdrowie/dermokosmetyki', '', '', '', '', ''),
(194, 190, 4, 'medycyna', 'Medycyna', '', 'zdrowie-i-uroda/zdrowie/medycyna', '', '', '', '', ''),
(195, 190, 5, 'uslugi', 'Usługi', '', 'zdrowie-i-uroda/zdrowie/uslugi', '', '', '', '', ''),
(196, 189, 1, 'makijaz', 'Makijaż', '', 'zdrowie-i-uroda/uroda/makijaz', '', '', '', '', ''),
(197, 189, 2, 'manicure-i-pedicure', 'Manicure i pedicure', '', 'zdrowie-i-uroda/uroda/manicure-i-pedicure', '', '', '', '', ''),
(198, 189, 3, 'perfumy-i-wody', 'Perfumy i wody', '', 'zdrowie-i-uroda/uroda/perfumy-i-wody', '', '', '', '', ''),
(199, 189, 4, 'pielegnacja', 'Pielęgnacja', '', 'zdrowie-i-uroda/uroda/pielegnacja', '', '', '', '', ''),
(200, 189, 5, 'uslugi', 'Usługi', '', 'zdrowie-i-uroda/uroda/uslugi', '', '', '', '', ''),
(201, 0, 17, 'zwierzeta', 'Zwierzęta', '/upload/images/categories/cat.png', 'zwierzeta', '', '', '', '', ''),
(202, 201, 7, 'psy', 'Psy', '', 'zwierzeta/psy', '', '', '', '', ''),
(203, 201, 6, 'koty', 'Koty', '', 'zwierzeta/koty', '', '', '', '', ''),
(204, 201, 8, 'ptaki', 'Ptaki', '', 'zwierzeta/ptaki', '', '', '', '', ''),
(205, 201, 3, 'gryzonie-i-kroliki', 'Gryzonie i króliki', '', 'zwierzeta/gryzonie-i-kroliki', '', '', '', '', ''),
(206, 201, 5, 'konie', 'Konie', '', 'zwierzeta/konie', '', '', '', '', ''),
(207, 201, 2, 'akwarystyka', 'Akwarystyka', '', 'zwierzeta/akwarystyka', '', '', '', '', ''),
(208, 201, 1, 'akcesoria-dla-zwierzat', 'Akcesoria dla zwierząt', '', 'zwierzeta/akcesoria-dla-zwierzat', '', '', '', '', ''),
(209, 201, 9, 'uslugi', 'Usługi', '', 'zwierzeta/uslugi', '', '', '', '', ''),
(210, 201, 4, 'inne-zwierzeta', 'Inne zwierzęta', '', 'zwierzeta/inne-zwierzeta', '', '', '', '', '');

--
-- Zrzut danych tabeli `option`
--

INSERT INTO `option` (`id`, `name`, `slug`, `position`, `kind`, `required`, `categories_all`, `search`, `select_choices`, `pernament`) VALUES
(2, 'Rok produkcji', 'rok-produkcji', 1, 'number', 0, 0, 1, '', NULL),
(3, 'Paliwo', 'paliwo', 2, 'select', 0, 0, 1, 'Benzyna; Diesel; LPG; CNG; Hybryda', NULL),
(4, 'Przebieg (w km)', 'przebieg-w-km', 3, 'number', 0, 0, 1, '', NULL),
(5, 'Rynek', 'rynek', 4, 'select', 0, 0, 1, 'pierwotny; wtórny', NULL),
(6, 'Typ nadwozia', 'typ-nadwozia', 5, 'select', 0, 0, 1, 'Kabriolet; Sedan; Coupe; Pickup; Hatchback; Kombi; Terenowy; Minibus; Minivan; SUV; inny', NULL),
(7, 'Rodzaj pracy', 'rodzaj-pracy', 6, 'select', 0, 0, 1, 'Sezonowa; Dorywcza / tymczasowa; Kontrakt / Freelancer; Pół etatu; Pełny etat', NULL),
(8, 'Rodzaj pamięci', 'rodzaj-pamieci', 7, 'select', 0, 0, 1, 'CompactFlash; Memory Stick; SD/SDHC/SDXC; Micro SD; inny', NULL),
(9, 'Format', 'format', 8, 'select', 0, 0, 1, 'epub; mobi; pdf', NULL),
(10, 'System operacyjny', 'system-operacyjny', 9, 'select', 0, 0, 1, 'Android; Blackberry OS; iOS; Windows; pozostałe', NULL),
(11, 'Gwarancja', 'gwarancja', 10, 'select', 0, 0, 1, 'producenta; sprzedawcy; brak', NULL),
(12, 'Format RAW', 'format-raw', 11, 'select', 0, 0, 1, 'obsługa RAW; brak obsługi RAW', NULL),
(13, 'Postać leku', 'postac-leku', 12, 'select', 0, 0, 1, 'aerozol; żel; tabletki; kapsułki; inne', NULL),
(14, 'Wyposażenie dodatkowe', 'wyposazenie-dodatkowe', 13, 'checkbox', 0, 0, 0, 'ASR (kontrola trakcji);\r\nasystent parkowania;\r\nasystent pasa ruchu;\r\nbluetooth;\r\nCD;\r\nczujnik deszczu;\r\nczujnik martwego pola;\r\nczujnik zmierzchu;\r\nelektrochrom. lusterka boczne;\r\nelektrochrom. lusterko wst.;\r\nklimatyzacja;\r\nelektrycznie ustawiane fotele;\r\ngniazdo AUX;\r\ngniazdo SD;\r\ngniazdo USB;\r\nisofix;\r\nkamera cofania;\r\nkurtyny powietrzne;\r\nłopatki zmiany biegów;\r\nMP3;\r\nodtwarzacz DVD;\r\nskórzana tapicerka;\r\nogranicznik prędkości;\r\nogrzewanie postojowe;\r\nwelurowa tapicerka;\r\nprzyciemniane szyby;\r\nregulowane zawieszenie;\r\npodgrzewane fotele;\r\nrelingi dachowe;\r\nsystem Start-Stop;\r\nświatła do jazdy dziennej;\r\nświatła LED;\r\ntuner TV;\r\ncentralny zamek;\r\nwielofunkcyjna kierownica;\r\nzmieniarka CD;\r\nelektryczne szyby;\r\nblokada skrzyni biegów;\r\nelektryczne lusterka;\r\nimmobilizer;\r\nlakier metallic;\r\nnawigacja;\r\nkomputer pokładowy;\r\nradio;\r\nwspomaganie kierownicy;\r\nABS;\r\nESP;\r\nautoalarm;\r\npoduszka powietrzna;\r\nczujnik parkowania;\r\nreflektory ksenonowe;\r\nświatła przeciwmgielne;\r\nszyberdach;\r\nnapęd 4x4;\r\ntempomat;\r\naluminiowe felgi;\r\nhak', NULL);

--
-- Zrzut danych tabeli `option_category`
--

INSERT INTO `option_category` (`option_id`, `option_category`) VALUES
(4, 6),
(4, 17),
(4, 18),
(4, 19),
(4, 20),
(4, 21),
(4, 22),
(4, 23),
(4, 24),
(4, 25),
(4, 26),
(4, 27),
(4, 28),
(4, 29),
(4, 30),
(4, 31),
(4, 32),
(4, 33),
(4, 34),
(4, 35),
(4, 36),
(4, 37),
(4, 38),
(4, 39),
(4, 40),
(4, 41),
(4, 42),
(4, 43),
(4, 44),
(4, 45),
(4, 46),
(4, 47),
(4, 48),
(4, 49),
(4, 50),
(4, 51),
(4, 52),
(4, 53),
(4, 54),
(4, 55),
(4, 56),
(4, 57),
(4, 4),
(4, 7),
(4, 8),
(4, 9),
(4, 10),
(4, 11),
(4, 12),
(4, 5),
(4, 13),
(4, 14),
(4, 15),
(4, 16),
(3, 6),
(3, 17),
(3, 18),
(3, 19),
(3, 20),
(3, 21),
(3, 22),
(3, 23),
(3, 24),
(3, 25),
(3, 26),
(3, 27),
(3, 28),
(3, 29),
(3, 30),
(3, 31),
(3, 32),
(3, 33),
(3, 34),
(3, 35),
(3, 36),
(3, 37),
(3, 38),
(3, 39),
(3, 40),
(3, 41),
(3, 42),
(3, 43),
(3, 44),
(3, 45),
(3, 46),
(3, 47),
(3, 48),
(3, 49),
(3, 50),
(3, 51),
(3, 52),
(3, 53),
(3, 54),
(3, 55),
(3, 56),
(3, 57),
(3, 4),
(3, 7),
(3, 8),
(3, 9),
(3, 10),
(3, 11),
(3, 12),
(3, 5),
(3, 13),
(3, 14),
(3, 15),
(3, 16),
(2, 6),
(2, 17),
(2, 18),
(2, 19),
(2, 20),
(2, 21),
(2, 22),
(2, 23),
(2, 24),
(2, 25),
(2, 26),
(2, 27),
(2, 28),
(2, 29),
(2, 30),
(2, 31),
(2, 32),
(2, 33),
(2, 34),
(2, 35),
(2, 36),
(2, 37),
(2, 38),
(2, 39),
(2, 40),
(2, 41),
(2, 42),
(2, 43),
(2, 44),
(2, 45),
(2, 46),
(2, 47),
(2, 48),
(2, 49),
(2, 50),
(2, 51),
(2, 52),
(2, 53),
(2, 54),
(2, 55),
(2, 56),
(2, 57),
(2, 4),
(2, 7),
(2, 8),
(2, 9),
(2, 10),
(2, 11),
(2, 12),
(2, 5),
(2, 13),
(2, 14),
(2, 15),
(2, 16),
(5, 149),
(5, 153),
(5, 151),
(5, 152),
(5, 154),
(5, 150),
(5, 155),
(6, 6),
(6, 17),
(6, 18),
(6, 19),
(6, 20),
(6, 21),
(6, 22),
(6, 23),
(6, 24),
(6, 25),
(6, 26),
(6, 27),
(6, 28),
(6, 29),
(6, 30),
(6, 31),
(6, 32),
(6, 33),
(6, 34),
(6, 35),
(6, 36),
(6, 37),
(6, 38),
(6, 39),
(6, 40),
(6, 41),
(6, 42),
(6, 43),
(6, 44),
(6, 45),
(6, 46),
(6, 47),
(6, 48),
(6, 49),
(6, 50),
(6, 51),
(6, 52),
(6, 53),
(6, 54),
(6, 55),
(6, 56),
(6, 57),
(7, 156),
(7, 157),
(7, 158),
(7, 159),
(7, 160),
(7, 161),
(7, 162),
(7, 163),
(7, 164),
(7, 165),
(7, 166),
(7, 167),
(7, 168),
(7, 169),
(8, 111),
(9, 126),
(10, 100),
(11, 104),
(11, 90),
(11, 92),
(11, 93),
(11, 94),
(11, 95),
(11, 96),
(11, 98),
(11, 91),
(11, 99),
(11, 102),
(11, 103),
(11, 100),
(11, 101),
(12, 110),
(13, 192),
(14, 6),
(14, 17),
(14, 18),
(14, 19),
(14, 20),
(14, 21),
(14, 22),
(14, 23),
(14, 24),
(14, 25),
(14, 26),
(14, 27),
(14, 28),
(14, 29),
(14, 30),
(14, 31),
(14, 32),
(14, 33),
(14, 34),
(14, 35),
(14, 36),
(14, 37),
(14, 38),
(14, 39),
(14, 40),
(14, 41),
(14, 42),
(14, 43),
(14, 44),
(14, 45),
(14, 46),
(14, 47),
(14, 48),
(14, 49),
(14, 50),
(14, 51),
(14, 52),
(14, 53),
(14, 54),
(14, 55),
(14, 56),
(14, 57);

--
-- Zrzut danych tabeli `state`
--

INSERT INTO `state` (`id`, `state_id`, `position`, `slug`, `name`) VALUES
(1, 0, 2, 'dolnoslaskie', 'Dolnośląskie'),
(2, 0, 3, 'kujawskopomorskie', 'Kujawsko-pomorskie'),
(3, 0, 6, 'lodzkie', 'Łódzkie'),
(4, 0, 4, 'lubelskie', 'Lubelskie'),
(5, 0, 5, 'lubuskie', 'Lubuskie'),
(6, 0, 7, 'malopolskie', 'Małopolskie'),
(7, 0, 8, 'mazowieckie', 'Mazowieckie'),
(8, 0, 9, 'opolskie', 'Opolskie'),
(9, 0, 10, 'podkarpackie', 'Podkarpackie'),
(10, 0, 11, 'podlaskie', 'Podlaskie'),
(11, 0, 12, 'pomorskie', 'Pomorskie'),
(12, 0, 13, 'slaskie', 'Śląskie'),
(13, 0, 14, 'swietokrzyskie', 'Świętokrzyskie'),
(14, 0, 15, 'warminskomazurskie', 'Warmińsko-mazurskie'),
(15, 0, 16, 'wielkopolskie', 'Wielkopolskie'),
(16, 0, 17, 'zachodniopomorskie', 'Zachodniopomorskie'),
(17, 0, 18, 'zagranica', 'Zagranica'),
(18, 1, 16, 'wroclaw', 'Wrocław'),
(19, 1, 15, 'walbrzych', 'Wałbrzych'),
(20, 1, 8, 'legnica', 'Legnica'),
(21, 1, 6, 'jelenia-gora', 'Jelenia Góra'),
(22, 1, 9, 'lubin', 'Lubin'),
(23, 1, 4, 'glogow', 'Głogów'),
(24, 1, 13, 'swidnica', 'Świdnica'),
(25, 1, 2, 'boleslawiec', 'Bolesławiec'),
(26, 1, 11, 'olesnica', 'Oleśnica'),
(27, 1, 3, 'dzierzoniow', 'Dzierżoniów'),
(28, 1, 12, 'olawa', 'Oława'),
(29, 1, 17, 'zgorzelec', 'Zgorzelec'),
(30, 1, 1, 'bielawa', 'Bielawa'),
(31, 1, 7, 'klodzko', 'Kłodzko'),
(32, 1, 5, 'jawor', 'Jawor'),
(33, 1, 14, 'swiebodzice', 'Świebodzice'),
(34, 1, 10, 'nowa-ruda', 'Nowa Ruda'),
(35, 2, 3, 'bydgoszcz', 'Bydgoszcz'),
(36, 2, 6, 'grudziadz', 'Grudziądz'),
(37, 2, 15, 'torun', 'Toruń'),
(38, 2, 16, 'wloclawek', 'Włocławek'),
(39, 2, 1, 'aleksandrow-kujawski', 'Aleksandrów Kujawski'),
(40, 2, 2, 'brodnica', 'Brodnica'),
(41, 2, 4, 'chelmno', 'Chełmno'),
(42, 2, 5, 'golub-dobrzyn', 'Golub-Dobrzyń'),
(43, 2, 7, 'inowroclaw', 'Inowrocław'),
(44, 2, 8, 'lipno', 'Lipno'),
(45, 2, 9, 'mogilno', 'Mogilno'),
(46, 2, 10, 'naklo-nad-notecia', 'Nakło nad Notecią'),
(47, 2, 11, 'radziejow', 'Radziejów'),
(48, 2, 12, 'rypin', 'Rypin'),
(49, 2, 13, 'sepolno-krajenskie', 'Sępólno Krajeńskie'),
(50, 2, 14, 'swiecie', 'Świecie'),
(51, 2, 17, 'znin', 'Żnin'),
(52, 4, 9, 'lublin', 'Lublin'),
(53, 4, 17, 'zamosc', 'Zamość'),
(54, 4, 3, 'chelm', 'Chełm'),
(55, 4, 1, 'biala-podlaska', 'Biała Podlaska'),
(56, 4, 13, 'pulawy', 'Puławy'),
(57, 4, 15, 'swidnik', 'Świdnik'),
(58, 4, 7, 'krasnik', 'Kraśnik'),
(59, 4, 11, 'lukow', 'Łuków'),
(60, 4, 2, 'bilgoraj', 'Biłgoraj'),
(61, 4, 8, 'lubartow', 'Lubartów'),
(62, 4, 16, 'tomaszow-lubelski', 'Tomaszów Lubelski'),
(63, 4, 10, 'leczna', 'Łęczna'),
(64, 4, 6, 'krasnystaw', 'Krasnystaw'),
(65, 4, 5, 'hrubieszow', 'Hrubieszów'),
(66, 4, 12, 'miedzyrzecz-podlaski', 'Międzyrzecz Podlaski'),
(67, 4, 4, 'deblin', 'Dęblin'),
(68, 4, 14, 'radzyn-podlaski', 'Radzyń Podlaski'),
(69, 5, 2, 'gorzow-wielkopolski', 'Gorzów Wielkopolski'),
(70, 5, 16, 'zielona-gora', 'Zielona Góra'),
(71, 5, 1, 'drezdenko', 'Drezdenko'),
(72, 5, 3, 'gubin', 'Gubin'),
(73, 5, 4, 'kostrzyn-nad-odra', 'Kostrzyn nad Odrą'),
(74, 5, 6, 'lubsko', 'Lubsko'),
(75, 5, 5, 'krosno-odrzanskie', 'Krosno Odrzańskie	'),
(76, 5, 7, 'miedzyrzecz', 'Międzyrzecz'),
(77, 5, 8, 'nowa-sol', 'Nowa Sól'),
(78, 5, 9, 'slubice', 'Słubice'),
(79, 5, 11, 'sulechow', 'Sulechów'),
(80, 5, 10, 'strzelce-krajenskie', 'Strzelce Krajeńskie'),
(81, 5, 12, 'sulecin', 'Sulęcin'),
(82, 5, 13, 'szprotawa', 'Szprotawa'),
(83, 5, 14, 'swiebodzin', 'Świebodzin'),
(84, 5, 15, 'wschowa', 'Wschowa'),
(85, 5, 17, 'zagan', 'Żagań'),
(86, 5, 18, 'zary', 'Żary'),
(87, 3, 6, 'lodz', 'Łódź'),
(88, 3, 10, 'piotrkow-trybunalski', 'Piotrków Trybunalski'),
(89, 3, 9, 'pabianice', 'Pabianice'),
(90, 3, 14, 'tomaszow-mazowiecki', 'Tomaszów Mazowiecki'),
(91, 3, 2, 'belchatow', 'Bełchatów'),
(92, 3, 17, 'zgierz', 'Zgierz'),
(93, 3, 13, 'skierniewice', 'Skierniewice'),
(94, 3, 11, 'radomsko', 'Radomsko'),
(95, 3, 3, 'kutno', 'Kutno'),
(96, 3, 16, 'zdunska-wola', 'Zduńska Wola'),
(97, 3, 12, 'sieradz', 'Sieradz'),
(98, 3, 5, 'lowicz', 'Łowicz'),
(99, 3, 15, 'wielun', 'Wieluń'),
(100, 3, 7, 'opoczno', 'Opoczno'),
(101, 3, 1, 'aleksandrow-lodzki', 'Aleksandrów Łódzki'),
(102, 3, 8, 'ozorkow', 'Ozorków'),
(103, 3, 4, 'lask', 'Łask'),
(104, 6, 6, 'krakow', 'Kraków'),
(105, 6, 13, 'tarnow', 'Tarnów'),
(106, 6, 8, 'nowy-sacz', 'Nowy Sącz'),
(107, 6, 11, 'oswiecim', 'Oświęcim'),
(108, 6, 3, 'chrzanow', 'Chrzanów'),
(109, 6, 10, 'olkusz', 'Olkusz'),
(110, 6, 9, 'nowy-targ', 'Nowy Targ'),
(111, 6, 2, 'bochnia', 'Bochnia'),
(112, 6, 4, 'gorlice', 'Gorlice'),
(113, 6, 17, 'zakopane', 'Zakopane'),
(114, 6, 12, 'skawina', 'Skawina'),
(115, 6, 16, 'wieliczka', 'Wieliczka'),
(116, 6, 1, 'andrychow', 'Andrychów'),
(117, 6, 14, 'trzebinia', 'Trzebinia'),
(118, 6, 15, 'wadowice', 'Wadowice'),
(119, 6, 5, 'kety', 'Kęty'),
(120, 6, 7, 'myslenice', 'Myślenice'),
(121, 7, 14, 'warszawa', 'Warszawa'),
(122, 7, 11, 'radom', 'Radom'),
(123, 7, 9, 'plock', 'Płock'),
(124, 7, 12, 'siedlce', 'Siedlce'),
(125, 7, 10, 'pruszkow', 'Pruszków'),
(126, 7, 3, 'legionowo', 'Legionowo'),
(127, 7, 6, 'ostroleka', 'Ostrołęka'),
(128, 7, 8, 'piaseczno', 'Piaseczno'),
(129, 7, 7, 'otwock', 'Otwock'),
(130, 7, 1, 'ciechanow', 'Ciechanów'),
(131, 7, 17, 'zyrardow', 'Żyrardów'),
(132, 7, 4, 'minsk-mazowiecki', 'Mińsk Mazowiecki'),
(133, 7, 15, 'wolomin', 'Wołomin'),
(134, 7, 13, 'sochaczew', 'Sochaczew'),
(135, 7, 16, 'zabki', 'Ząbki'),
(136, 7, 5, 'mlawa', 'Mława'),
(137, 7, 2, 'grodzisk-mazowiecki', 'Grodzisk Mazowiecki'),
(138, 8, 11, 'opole', 'Opole'),
(139, 8, 5, 'kedzierzyn-kozle', 'Kędzierzyn-Koźle'),
(140, 8, 9, 'nysa', 'Nysa'),
(141, 8, 1, 'brzeg', 'Brzeg'),
(142, 8, 6, 'kluczbork', 'Kluczbork'),
(143, 8, 14, 'prudnik', 'Prudnik'),
(144, 8, 15, 'strzelce-opolskie', 'Strzelce Opolskie'),
(145, 8, 7, 'krapkowice', 'Krapkowice'),
(146, 8, 8, 'namyslow', 'Namysłów'),
(147, 8, 3, 'glucholazy', 'Głuchołazy'),
(148, 8, 2, 'glubczyce', 'Głubczyce'),
(149, 8, 17, 'zdzieszowice', 'Zdzieszowice'),
(150, 8, 10, 'olesno', 'Olesno'),
(151, 8, 12, 'ozimek', 'Ozimek'),
(152, 8, 4, 'grodkow', 'Grodków'),
(153, 8, 13, 'praszka', 'Praszka'),
(154, 8, 16, 'zawadzkie', 'Zawadzkie'),
(155, 9, 14, 'rzeszow', 'Rzeszów'),
(156, 9, 11, 'przemysl', 'Przemyśl'),
(157, 9, 16, 'stalowa-wola', 'Stalowa Wola'),
(158, 9, 8, 'mielec', 'Mielec'),
(159, 9, 17, 'tarnobrzeg', 'Tarnobrzeg'),
(160, 9, 4, 'krosno', 'Krosno'),
(161, 9, 1, 'debica', 'Dębica'),
(162, 9, 2, 'jaroslaw', 'Jarosław'),
(163, 9, 15, 'sanok', 'Sanok'),
(164, 9, 3, 'jaslo', 'Jasło'),
(165, 9, 7, 'lancut', 'Łańcut'),
(166, 9, 12, 'przeworsk', 'Przeworsk'),
(167, 9, 13, 'ropczyce', 'Ropczyce'),
(168, 9, 9, 'nisko', 'Nisko'),
(169, 9, 5, 'lezajsk', 'Leżajsk'),
(170, 9, 6, 'lubaczow', 'Lubaczów'),
(171, 9, 10, 'nowa-deba', 'Nowa Dęba'),
(172, 10, 2, 'bialystok', 'Białystok'),
(173, 10, 14, 'suwalki', 'Suwałki'),
(174, 10, 10, 'lomza', 'Łomża'),
(175, 10, 1, 'augustow', 'Augustów'),
(176, 10, 3, 'bielsk-podlaski', 'Bielsk Podlaski'),
(177, 10, 17, 'zambrow', 'Zambrów'),
(178, 10, 6, 'grajewo', 'Grajewo'),
(179, 10, 7, 'hajnowka', 'Hajnówka'),
(180, 10, 13, 'sokolka', 'Sokółka'),
(181, 10, 9, 'lapy', 'Łapy'),
(182, 10, 12, 'siemiatycze', 'Siemiatycze'),
(183, 10, 15, 'wasilkow', 'Wasilków'),
(184, 10, 8, 'kolno', 'Kolno'),
(185, 10, 11, 'monki', 'Mońki'),
(186, 10, 5, 'czarna-bialostocka', 'Czarna Białostocka'),
(187, 10, 16, 'wysokie-mazowieckie', 'Wysokie Mazowieckie'),
(188, 10, 4, 'choroszcz', 'Choroszcz'),
(189, 11, 3, 'gdansk', 'Gdańsk'),
(190, 11, 4, 'gdynia', 'Gdynia'),
(191, 11, 12, 'slupsk', 'Słupsk'),
(192, 11, 15, 'tczew', 'Tczew'),
(193, 11, 17, 'wejherowo', 'Wejherowo'),
(194, 11, 11, 'rumia', 'Rumia'),
(195, 11, 14, 'starogard-gdanski', 'Starogard Gdański'),
(196, 11, 2, 'chojnice', 'Chojnice'),
(197, 11, 8, 'malbork', 'Malbork'),
(198, 11, 6, 'kwidzyn', 'Kwidzyn'),
(199, 11, 13, 'sopot', 'Sopot'),
(200, 11, 7, 'lebork', 'Lębork'),
(201, 11, 9, 'pruszcz-gdanski', 'Pruszcz Gdański'),
(202, 11, 10, 'reda', 'Reda'),
(203, 11, 5, 'koscierzyna', 'Kościerzyna'),
(204, 11, 1, 'bytow', 'Bytów'),
(205, 11, 16, 'ustka', 'Ustka'),
(206, 12, 9, 'katowice', 'Katowice'),
(207, 12, 4, 'czestochowa', 'Częstochowa'),
(208, 12, 14, 'sosnowiec', 'Sosnowiec'),
(209, 12, 6, 'gliwice', 'Gliwice'),
(210, 12, 16, 'zabrze', 'Zabrze'),
(211, 12, 1, 'bielsko-biala', 'Bielsko-Biała'),
(212, 12, 2, 'bytom', 'Bytom'),
(213, 12, 11, 'ruda-slaska', 'Ruda Śląska'),
(214, 12, 12, 'rybnik', 'Rybnik'),
(215, 12, 15, 'tychy', 'Tychy'),
(216, 12, 5, 'dabrowa-gornicza', 'Dąbrowa Górnicza'),
(217, 12, 3, 'chorzow', 'Chorzów'),
(218, 12, 8, 'jaworzno', 'Jaworzno'),
(219, 12, 7, 'jastrzebie-zdroj', 'Jastrzębie-Zdrój'),
(220, 12, 10, 'myslowice', 'Mysłowice'),
(221, 12, 13, 'siemianowice-slaskie', 'Siemianowice Śląskie'),
(222, 12, 17, 'zory', 'Żory'),
(223, 13, 4, 'kielce', 'Kielce'),
(224, 13, 7, 'ostrowiec-swietokrzyski', 'Ostrowiec Świętokrzyski'),
(225, 13, 13, 'starachowice', 'Starachowice'),
(226, 13, 12, 'skarzysko-kamienna', 'Skarżysko-Kamienna'),
(227, 13, 10, 'sandomierz', 'Sandomierz'),
(228, 13, 5, 'konskie', 'Końskie'),
(229, 13, 1, 'busko-zdroj', 'Busko-Zdrój'),
(230, 13, 2, 'jedrzejow', 'Jędrzejów'),
(231, 13, 14, 'staszow', 'Staszów'),
(232, 13, 8, 'pinczow', 'Pińczów'),
(233, 13, 17, 'wloszczowa', 'Włoszczowa'),
(234, 13, 16, 'suchedniow', 'Suchedniów'),
(235, 13, 9, 'polaniec', 'Połaniec'),
(236, 13, 6, 'opatow', 'Opatów'),
(237, 13, 11, 'sedziszow', 'Sędziszów'),
(238, 13, 15, 'staporkow', 'Stąporków'),
(239, 13, 3, 'kazimierza-wielka', 'Kazimierza Wielka'),
(240, 14, 14, 'olsztyn', 'Olsztyn'),
(241, 14, 4, 'elblag', 'Elbląg'),
(242, 14, 5, 'elk', 'Ełk'),
(243, 14, 15, 'ostroda', 'Ostróda'),
(244, 14, 7, 'ilawa', 'Iława'),
(245, 14, 6, 'gizycko', 'Giżycko'),
(246, 14, 8, 'ketrzyn', 'Kętrzyn'),
(247, 14, 1, 'bartoszyce', 'Bartoszyce'),
(248, 14, 17, 'szczytno', 'Szczytno'),
(249, 14, 11, 'mragowo', 'Mrągowo'),
(250, 14, 3, 'dzialdowo', 'Działdowo'),
(251, 14, 16, 'pisz', 'Pisz'),
(252, 14, 2, 'braniewo', 'Braniewo'),
(253, 14, 13, 'olecko', 'Olecko'),
(254, 14, 9, 'lidzbark-warminski', 'Lidzbark Warmiński'),
(255, 14, 10, 'morag', 'Morąg'),
(256, 14, 12, 'nidzica', 'Nidzica'),
(257, 15, 12, 'poznan', 'Poznań'),
(258, 15, 3, 'kalisz', 'Kalisz'),
(259, 15, 5, 'konin', 'Konin'),
(260, 15, 11, 'pila', 'Piła'),
(261, 15, 10, 'ostrow-wielkopolski', 'Ostrów Wielkopolski'),
(262, 15, 1, 'gniezno', 'Gniezno'),
(263, 15, 8, 'leszno', 'Leszno'),
(264, 15, 13, 'swarzedz', 'Swarzędz'),
(265, 15, 9, 'lubon', 'Luboń'),
(266, 15, 14, 'srem', 'Śrem'),
(267, 15, 17, 'wrzesnia', 'Września'),
(268, 15, 7, 'krotoszyn', 'Krotoszyn'),
(269, 15, 15, 'turek', 'Turek'),
(270, 15, 2, 'jarocin', 'Jarocin'),
(271, 15, 16, 'wagrowiec', 'Wągrowiec'),
(272, 15, 6, 'koscian', 'Kościan'),
(273, 15, 4, 'kolo', 'Koło'),
(274, 16, 13, 'szczecin', 'Szczecin'),
(275, 16, 9, 'koszalin', 'Koszalin'),
(276, 16, 12, 'stargard', 'Stargard'),
(277, 16, 8, 'kolobrzeg', 'Kołobrzeg'),
(278, 16, 16, 'swinoujscie', 'Świnoujście'),
(279, 16, 14, 'szczecinek', 'Szczecinek'),
(280, 16, 11, 'police', 'Police'),
(281, 16, 17, 'walcz', 'Wałcz'),
(282, 16, 2, 'bialogard', 'Białogard'),
(283, 16, 5, 'goleniow', 'Goleniów'),
(284, 16, 7, 'gryfino', 'Gryfino'),
(285, 16, 10, 'nowogard', 'Nowogard'),
(286, 16, 6, 'gryfice', 'Gryfice'),
(287, 16, 15, 'swidwin', 'Świdwin'),
(288, 16, 3, 'choszczno', 'Choszczno'),
(289, 16, 1, 'barlinek', 'Barlinek'),
(290, 16, 4, 'darlowo', 'Darłowo');

--
-- Zrzut danych tabeli `subcategory`
--

INSERT INTO `subcategory` (`category_id`, `subcategory_id`, `count`) VALUES
(4, 7, 0),
(4, 8, 0),
(4, 9, 0),
(4, 10, 0),
(4, 11, 0),
(4, 12, 0),
(5, 13, 0),
(5, 14, 0),
(5, 15, 0),
(5, 16, 0),
(6, 17, 0),
(6, 18, 0),
(6, 19, 0),
(6, 20, 0),
(6, 21, 0),
(6, 22, 0),
(6, 23, 0),
(6, 24, 0),
(6, 25, 0),
(6, 26, 0),
(6, 27, 0),
(6, 28, 0),
(6, 29, 0),
(6, 30, 0),
(6, 31, 0),
(6, 32, 0),
(6, 33, 0),
(6, 34, 0),
(6, 35, 0),
(6, 36, 0),
(6, 37, 0),
(6, 38, 0),
(6, 39, 0),
(6, 40, 0),
(6, 41, 0),
(6, 42, 0),
(6, 43, 0),
(6, 44, 0),
(6, 45, 0),
(6, 46, 0),
(6, 47, 0),
(6, 48, 0),
(6, 49, 0),
(6, 50, 0),
(6, 51, 0),
(6, 52, 0),
(6, 53, 0),
(6, 54, 0),
(6, 55, 0),
(6, 56, 0),
(6, 57, 0),
(1, 2, 0),
(1, 3, 0),
(1, 4, 0),
(1, 7, 0),
(1, 8, 0),
(1, 9, 0),
(1, 10, 0),
(1, 11, 0),
(1, 12, 0),
(1, 5, 0),
(1, 13, 0),
(1, 14, 0),
(1, 15, 0),
(1, 16, 0),
(1, 6, 0),
(1, 17, 0),
(1, 18, 0),
(1, 19, 0),
(1, 20, 0),
(1, 21, 0),
(1, 22, 0),
(1, 23, 0),
(1, 24, 0),
(1, 25, 0),
(1, 26, 0),
(1, 27, 0),
(1, 28, 0),
(1, 29, 0),
(1, 30, 0),
(1, 31, 0),
(1, 32, 0),
(1, 33, 0),
(1, 34, 0),
(1, 35, 0),
(1, 36, 0),
(1, 37, 0),
(1, 38, 0),
(1, 39, 0),
(1, 40, 0),
(1, 41, 0),
(1, 42, 0),
(1, 43, 0),
(1, 44, 0),
(1, 45, 0),
(1, 46, 0),
(1, 47, 0),
(1, 48, 0),
(1, 49, 0),
(1, 50, 0),
(1, 51, 0),
(1, 52, 0),
(1, 53, 0),
(1, 54, 0),
(1, 55, 0),
(1, 56, 0),
(1, 57, 0),
(59, 60, 0),
(59, 61, 0),
(59, 62, 0),
(59, 63, 0),
(59, 64, 0),
(59, 65, 0),
(59, 66, 0),
(59, 67, 0),
(59, 68, 0),
(59, 69, 0),
(59, 70, 0),
(59, 71, 0),
(59, 72, 0),
(73, 74, 0),
(73, 75, 0),
(73, 76, 0),
(73, 77, 0),
(73, 78, 0),
(73, 79, 0),
(80, 81, 0),
(80, 82, 0),
(80, 83, 0),
(80, 84, 0),
(80, 85, 0),
(80, 86, 0),
(80, 87, 0),
(90, 91, 0),
(90, 92, 0),
(90, 93, 0),
(90, 94, 0),
(90, 95, 0),
(90, 96, 0),
(90, 98, 0),
(90, 99, 0),
(136, 137, 0),
(136, 138, 0),
(88, 89, 0),
(88, 90, 0),
(88, 91, 0),
(88, 92, 0),
(88, 93, 0),
(88, 94, 0),
(88, 95, 0),
(88, 96, 0),
(88, 98, 0),
(88, 99, 0),
(88, 100, 0),
(88, 101, 0),
(88, 102, 0),
(88, 103, 0),
(88, 104, 0),
(88, 105, 0),
(88, 136, 0),
(88, 137, 0),
(88, 138, 0),
(106, 108, 0),
(106, 109, 0),
(106, 110, 0),
(106, 111, 0),
(106, 112, 0),
(106, 113, 0),
(114, 115, 0),
(114, 116, 0),
(114, 117, 0),
(114, 118, 0),
(119, 120, 0),
(119, 121, 0),
(119, 122, 0),
(119, 123, 0),
(119, 124, 0),
(125, 126, 0),
(125, 127, 0),
(125, 128, 0),
(125, 129, 0),
(125, 130, 0),
(125, 131, 0),
(125, 132, 0),
(125, 133, 0),
(125, 134, 0),
(125, 135, 0),
(139, 140, 0),
(139, 141, 0),
(139, 142, 0),
(139, 143, 0),
(139, 144, 0),
(139, 145, 0),
(139, 146, 0),
(139, 147, 0),
(139, 148, 0),
(149, 150, 0),
(149, 151, 0),
(149, 152, 0),
(149, 153, 0),
(149, 154, 0),
(149, 155, 0),
(156, 157, 0),
(156, 158, 0),
(156, 159, 0),
(156, 160, 0),
(156, 161, 0),
(156, 162, 0),
(156, 163, 0),
(156, 164, 0),
(156, 165, 0),
(156, 166, 0),
(156, 167, 0),
(156, 168, 0),
(156, 169, 0),
(178, 179, 0),
(178, 180, 0),
(178, 181, 0),
(178, 182, 0),
(178, 183, 0),
(178, 184, 0),
(178, 185, 0),
(178, 186, 0),
(178, 187, 0),
(189, 196, 0),
(189, 197, 0),
(189, 198, 0),
(189, 199, 0),
(189, 200, 0),
(190, 191, 0),
(190, 192, 0),
(190, 193, 0),
(190, 194, 0),
(190, 195, 0),
(188, 189, 0),
(188, 196, 0),
(188, 197, 0),
(188, 198, 0),
(188, 199, 0),
(188, 200, 0),
(188, 190, 0),
(188, 191, 0),
(188, 192, 0),
(188, 193, 0),
(188, 194, 0),
(188, 195, 0),
(201, 202, 0),
(201, 203, 0),
(201, 204, 0),
(201, 205, 0),
(201, 206, 0),
(201, 207, 0),
(201, 208, 0),
(201, 209, 0),
(201, 210, 0),
(0, 1, 0),
(0, 2, 0),
(0, 3, 0),
(0, 4, 0),
(0, 7, 0),
(0, 8, 0),
(0, 9, 0),
(0, 10, 0),
(0, 11, 0),
(0, 12, 0),
(0, 5, 0),
(0, 13, 0),
(0, 14, 0),
(0, 15, 0),
(0, 16, 0),
(0, 6, 0),
(0, 17, 0),
(0, 18, 0),
(0, 19, 0),
(0, 20, 0),
(0, 21, 0),
(0, 22, 0),
(0, 23, 0),
(0, 24, 0),
(0, 25, 0),
(0, 26, 0),
(0, 27, 0),
(0, 28, 0),
(0, 29, 0),
(0, 30, 0),
(0, 31, 0),
(0, 32, 0),
(0, 33, 0),
(0, 34, 0),
(0, 35, 0),
(0, 36, 0),
(0, 37, 0),
(0, 38, 0),
(0, 39, 0),
(0, 40, 0),
(0, 41, 0),
(0, 42, 0),
(0, 43, 0),
(0, 44, 0),
(0, 45, 0),
(0, 46, 0),
(0, 47, 0),
(0, 48, 0),
(0, 49, 0),
(0, 50, 0),
(0, 51, 0),
(0, 52, 0),
(0, 53, 0),
(0, 54, 0),
(0, 55, 0),
(0, 56, 0),
(0, 57, 0),
(0, 58, 0),
(0, 59, 0),
(0, 60, 0),
(0, 61, 0),
(0, 62, 0),
(0, 63, 0),
(0, 64, 0),
(0, 65, 0),
(0, 66, 0),
(0, 67, 0),
(0, 68, 0),
(0, 69, 0),
(0, 70, 0),
(0, 71, 0),
(0, 72, 0),
(0, 73, 0),
(0, 74, 0),
(0, 75, 0),
(0, 76, 0),
(0, 77, 0),
(0, 78, 0),
(0, 79, 0),
(0, 80, 0),
(0, 81, 0),
(0, 82, 0),
(0, 83, 0),
(0, 84, 0),
(0, 85, 0),
(0, 86, 0),
(0, 87, 0),
(0, 88, 0),
(0, 89, 0),
(0, 90, 0),
(0, 91, 0),
(0, 92, 0),
(0, 93, 0),
(0, 94, 0),
(0, 95, 0),
(0, 96, 0),
(0, 98, 0),
(0, 99, 0),
(0, 100, 0),
(0, 101, 0),
(0, 102, 0),
(0, 103, 0),
(0, 104, 0),
(0, 105, 0),
(0, 136, 0),
(0, 137, 0),
(0, 138, 0),
(0, 106, 0),
(0, 108, 0),
(0, 109, 0),
(0, 110, 0),
(0, 111, 0),
(0, 112, 0),
(0, 113, 0),
(0, 114, 0),
(0, 115, 0),
(0, 116, 0),
(0, 117, 0),
(0, 118, 0),
(0, 119, 0),
(0, 120, 0),
(0, 121, 0),
(0, 122, 0),
(0, 123, 0),
(0, 124, 0),
(0, 125, 0),
(0, 126, 0),
(0, 127, 0),
(0, 128, 0),
(0, 129, 0),
(0, 130, 0),
(0, 131, 0),
(0, 132, 0),
(0, 133, 0),
(0, 134, 0),
(0, 135, 0),
(0, 139, 0),
(0, 140, 0),
(0, 141, 0),
(0, 142, 0),
(0, 143, 0),
(0, 144, 0),
(0, 145, 0),
(0, 146, 0),
(0, 147, 0),
(0, 148, 0),
(0, 149, 0),
(0, 150, 0),
(0, 151, 0),
(0, 152, 0),
(0, 153, 0),
(0, 154, 0),
(0, 155, 0),
(0, 156, 0),
(0, 157, 0),
(0, 158, 0),
(0, 159, 0),
(0, 160, 0),
(0, 161, 0),
(0, 162, 0),
(0, 163, 0),
(0, 164, 0),
(0, 165, 0),
(0, 166, 0),
(0, 167, 0),
(0, 168, 0),
(0, 169, 0),
(0, 178, 0),
(0, 179, 0),
(0, 180, 0),
(0, 181, 0),
(0, 182, 0),
(0, 183, 0),
(0, 184, 0),
(0, 185, 0),
(0, 186, 0),
(0, 187, 0),
(0, 188, 0),
(0, 189, 0),
(0, 196, 0),
(0, 197, 0),
(0, 198, 0),
(0, 199, 0),
(0, 200, 0),
(0, 190, 0),
(0, 191, 0),
(0, 192, 0),
(0, 193, 0),
(0, 194, 0),
(0, 195, 0),
(0, 201, 0),
(0, 202, 0),
(0, 203, 0),
(0, 204, 0),
(0, 205, 0),
(0, 206, 0),
(0, 207, 0),
(0, 208, 0),
(0, 209, 0),
(0, 210, 0),
(0, 0, 0);

--
-- Zrzut danych tabeli `type`
--

INSERT INTO `type` (`id`, `slug`, `name`) VALUES
(1, 'kupie', 'Kupię'),
(2, 'oddam', 'Oddam'),
(3, 'sprzedam', 'Sprzedam'),
(4, 'uslugi', 'Usługi'),
(5, 'wynajme', 'Wynajmę'),
(6, 'zamienie', 'Zamienię');
